{"count":1,"gauges":{"PenguinLearning.CumulativeReward":{"count":38,"max":7.83908033,"min":2.00104451,"value":7.75050974,"weightedAverage":7.27704525}},"self":133.1104896,"total":138.98398229999998,"children":{"AgentSendState":{"count":6926,"self":0.07561989999999999,"total":0.0886174,"children":{"CollectObservations":{"count":11064,"self":0.012997499999999999,"total":0.012997499999999999,"children":null}}},"DecideAction":{"count":6926,"self":5.6886816,"total":5.7218358999999994,"children":{"RayPerceptionSensor.Perceive":{"count":11064,"self":0.0331542,"total":0.0331542,"children":null}}},"AgentAct":{"count":6926,"self":0.061017499999999995,"total":0.061017499999999995,"children":null}}}